rater,case,readability_A,readability_B,musicfit_A,musicfit_B,coherence_A,coherence_B,interest_A,interest_B,preference,reason
,af8b88c673,,,,,,,,,,
,83d02a5f61,,,,,,,,,,
,cb89ff94a7,,,,,,,,,,
,d5fc7bd61e,,,,,,,,,,
,fa5ce0c10d,,,,,,,,,,
,b2156f6f92,,,,,,,,,,
,41502efac4,,,,,,,,,,
,8bd2303331,,,,,,,,,,
,0811115bfe,,,,,,,,,,
,7207f99664,,,,,,,,,,
,1d87aaa6b6,,,,,,,,,,
,3cf4a9a6c4,,,,,,,,,,
,ce0799a26e,,,,,,,,,,
,b97956a56b,,,,,,,,,,
,68ab7c3f65,,,,,,,,,,
,66f3e0cace,,,,,,,,,,
,4c4cd14064,,,,,,,,,,
,8011fc1212,,,,,,,,,,
,7940263abf,,,,,,,,,,
,088169efeb,,,,,,,,,,
,648d51215a,,,,,,,,,,
,56749d8392,,,,,,,,,,
,d216baffe4,,,,,,,,,,
,68ed71cf84,,,,,,,,,,
